{"PyRs": [2.881239343, 2.572840370999998, 3.003079748999994, 2.843798606000007], "PyCpp": [0.5362029400000026, 0.4619249170000046, 0.5691988379999771, 0.5051981800000078], "Py": [41.862863249, 40.379452121, 40.55674389800001, 40.860726279999994], "Cpy": [14.862562406000002, 15.022254558, 14.54084692699999, 14.418754054000004] ,"PyC": [0.2551686070000001, 0.2550672669999998, 0.25563328900000015, 0.2528988729999999] , "Cpp": [0.468784, 0.468783, 0.468763 ,0.469872] , "Java": [0.354201499, 0.368962191 ,0.372775682, 0.362632849] , "Rs": [15.40626239 ,16.55246431 ,14.75214235 ,16.16869623] , "C": [1.093731000, 1.406194000, 1.249989000, 1.400000]}