{"C": [0.68, 0.68, 0.67, 0.69, 0.68, 0.68, 0.67, 0.68, 0.67, 0.69, 0.67, 0.68, 0.69, 0.68, 0.69, 0.68, 0.67, 0.67, 0.68, 0.68, 0.68, 0.69, 0.67, 0.68, 0.67, 0.68, 0.68, 0.68, 0.68, 0.68], "C++": [0.5928597, 0.5928532, 0.5928521, 0.592859, 0.5927578, 0.6021525, 0.5927584, 0.5927504, 0.5928576, 0.592559, 0.5929506, 0.592751, 0.592556, 0.6020519, 0.5925565, 0.5927591, 0.5925576, 0.5924583, 0.5929593, 0.5927577, 0.5927575, 0.5928508, 0.5924581, 0.592651, 0.592759, 0.5929562, 0.60265, 0.6026562, 0.5928517, 0.6120579], "Python": [0.6909488677978516, 0.6890172958374023, 0.6887729167938232, 0.687934160232544, 0.6877701282501221, 0.6889164447784424, 0.686011552810669, 0.6919753551483154, 0.7110371589660645, 0.6937711238861084, 0.6868870258331299, 0.6887731552124023, 0.6909246444702148, 0.693040132522583, 0.7278835773468018, 0.6920068264007568, 0.6869544982910156, 0.6877834796905518, 0.6907672882080078, 0.6869242191314697, 0.6948983669281006, 0.6890625953674316, 0.6879425048828125, 0.6897728443145752, 0.6889355182647705, 0.6867687702178955, 0.6892573833465576, 0.6900956630706787, 0.6888954639434814, 0.6877732276916504], "Java": [0.87938, 0.868478, 0.871013, 0.868403, 0.870132, 0.869798, 0.871077, 0.930873, 0.885937, 0.869063, 0.869824, 0.867248, 0.871032, 0.870183, 0.871101, 0.870462, 0.871412, 0.868615, 0.879163, 0.867127, 0.870884, 0.873297, 0.872621, 0.871208, 0.870263, 0.870221, 0.876936, 0.867693, 0.871733, 0.87195], "Rust": [0.59914027, 0.58845899, 0.60779476, 0.61783339, 0.60823613, 0.58498449, 0.60366702, 0.57038733, 0.58124869, 0.5553841, 0.51876762, 0.5196645, 0.49972141, 0.52418065, 0.55482974, 0.52544121, 0.52237983, 0.51767655, 0.51330869, 0.58065548, 0.54083285, 0.53632376, 0.52589671, 0.53704409, 0.52995384, 0.53061767, 0.53871778, 0.55624567, 0.55144351, 0.55312073], "Py-C": [0.037496054, 0.03792401200000001, 0.03592970199999998, 0.033401505000000026, 0.033658914999999956, 0.03405509299999998, 0.03352544399999996, 0.03405156199999998, 0.03349754899999996, 0.033575937, 0.03350849499999997, 0.033447055, 0.033274742000000024, 0.03335842699999991, 0.03647559499999997, 0.037586447999999995, 0.03763235099999995, 0.03762811399999999, 0.037586094999999986, 0.03773934000000001, 0.037704735999999905, 0.03742719900000002, 0.03745650699999992, 0.037654242999999976, 0.037627054000000104, 0.03767542800000001, 0.037457212999999934, 0.03770438300000012, 0.03762034600000019, 0.03749146400000014], "Py-Cpp": [1.300424638, 1.3213313429999998, 1.2575406290000002, 1.2614388540000006, 1.2646234649999997, 1.1662635450000005, 1.2872826049999997, 1.262858317000001, 1.2593696880000014, 1.1924106070000011, 1.2836396709999995, 1.263937743999998, 1.1435450819999993, 1.1583413900000004, 1.2613329249999978, 1.2531618350000002, 1.1674580819999996, 1.2300164759999994, 1.076886842999997, 1.252225413999998, 1.2911585850000016, 1.1821449279999996, 1.255385307000001, 1.2909887429999998, 1.2903114980000048, 1.264547548000003, 1.274497910000001, 1.2957238170000025, 1.2794819169999982, 1.261968857999996], "Py-Rs": [0.02396808299999975, 0.02886028399999674, 0.0340815760000055, 0.033069238000003054, 0.028263193000000797, 0.02888076400000017, 0.02583951399999762, 0.02988533500000301, 0.029328141999997115, 0.028865228000000798, 0.028297795999996822, 0.03043687699999964, 0.028038973000001022, 0.02883097699999837, 0.030423106000000644, 0.030240906000003065, 0.028936201000000494, 0.02724273300000135, 0.026885395999997286, 0.02991464200000138, 0.029430894999997292, 0.026714849000001095, 0.028291086999999493, 0.029849670999993805, 0.029024122999999236, 0.028485998999997264, 0.026499456999999893, 0.02963604600000025, 0.03736046400000248, 0.026408357000001104]}