{"Rs": [2.881239343, 2.572840370999998, 3.003079748999994, 2.843798606000007], "Cpp": [0.5362029400000026, 0.4619249170000046, 0.5691988379999771, 0.5051981800000078], "Py": [41.862863249, 40.379452121, 40.55674389800001, 40.860726279999994], "Cpy": [14.862562406000002, 15.022254558, 14.54084692699999, 14.418754054000004]}